Topic,base,model,image,system,datum,network,learn,database,query,approach,author,message,email,index,committee,content,table,program,general,overview,correct,error,output,code,coding,framework,learnability,patient,add,unify
0,0.06002812051109023,0.04248619575894228,0.042374142824763296,0.03938493540732245,0.035503793345271935,0.03297289284210438,0.030512466717039874,0.02999197797696512,0.026673198242816352,0.026278040471672502,0.0,0.0,0.0,0.0,0.0,0.0,0.0,0.0,0.0,0.0,0.0,0.0,0.0,0.0,0.0,0.0,0.0,0.0,0.0,0.0
1,0.0,0.0,0.0,0.0,0.0,0.0,0.0,0.0,0.0,0.0,0.8443106880769213,0.6245640358616997,0.5338764678204794,0.2991315156174903,0.2943359849300808,0.25669858493885045,0.24190328177842924,0.2208069947813287,0.1317616124256338,0.08116272969373588,0.0,0.0,0.0,0.0,0.0,0.0,0.0,0.0,0.0,0.0
2,0.0,0.0,0.0,0.0,0.0,0.0,0.0,0.0,0.0,0.0,0.0,0.0,0.0,0.0,0.0,0.0,0.0,0.0,0.0,0.0,1.2770098182799405,0.8529371175595837,0.8396582152360476,0.8284265562118066,0.14239188112958995,0.126452937078388,0.10662729861167725,0.1042472790386244,0.1039379079886753,0.10363519470371045
